Workbook
Name ASSESSMENT_1: 'Bewertung - Assessment'!$E$4:$E$166
Name ASSESSMENT_2: 'Bewertung - Assessment'!$I$4:$I$166
Name ASSESSMENT_3: 'Bewertung - Assessment'!$M$4:$M$166
Name RISK_ASSESSMENT: 'Bewertung - Assessment'!$Q$4:$Q$166

Sheet Guide
A2: Kriterien für die Bewertung des Risikos bei Nicht-Dokumentation
A3: 1 | B3: FuSi relevanter Punkt. Weil nicht vom Safety Concept abgedeckt und damit keine entsprechenden Maßnahmen und damit die dort adressierten Probleme erwartet werden müssen. STATUS: 4
A4: 2 | B4: Punkte die zur Bestimmung der notwendigen Performance und Resourcenverbrauch notwendig sind (z.b. reicht der Arbeitsspeicher?). Hier müsste im worst case die Soft- und/oder Hardware neu dimensioniert werden. STATUS: 3
A5: 3 | B5: Punkte die sich eher auf Organisation und Zuständigkeiten (Ansprechpartner, Zuständigkeiten, Entwicklungsumgebung) beziehen. Hier kann üblicherweise davon ausgegangen werden, dass deren Dokumentation Kommunikation und Organisation erleichtern, sie aber grundsätzlich in einem Projekt implizit bekannt sind bzw. bereits existieren. STATUS: 1 oder 2
A6: 4 | B6: Punkte, die sich auf detaillierte Beschreibungen von bereits generell gemachten Designentscheidungen beziehen. Z.b. die Angabe aller Variablen im RAM wenn bereits die Größe der einzelnen Stacks dokumentiert ist. Hier würde ich davon ausgehen, dass das zum einen vor Start der Implementierung schwer anzugeben ist und zum anderen üblicherweise eher Abschätzungen auf Basis von Erfahrungen zum Einsatz kommen. STATUS: 2
A7: 5 | B7: Wiedergabe von Eigenschaften von Standard HW/SW Komponenten die ggf. in den Dokumentationen der Komponenten angegeben sind. Z.B. Beschreibung der MCU wenn der genaue Hersteller und Typ bereits dokumentiert ist. Hier sind die Details hilfreich für das Review und die Angabe zeigt, dass der Zulieferer sich ebenfalls damit beschäftigt hat und sie kennt und berücksichtigt. Im allgemeinen würde ich aber davon ausgehen, dass das der Fall ist. STATUS: 1 oder 2

Sheet Titel
B1: Version | C1: R08
B3: SWAD Review - Review of Software Architecture Documentation
B4: Runde / Iteration | C4: 2
B5: ECU Name / Product | C5: SV62 MCU
B6: Lieferant / Supplier | C6: TTTech Auto
B7: Model Series / Baureihe
B8: Leitfaden SWAD / Guideline SWAD | C8: v5.1
B11: Bereitgestellte Dokumente / Provided Documents
B12: Runde / Iteration | C12: Dokument / Document | F12: Lieferdatum / Delivery Date | G12: Referenz / Reference | H12: Inhalt / Content
B13: 1 | C13: SV62_MCU_Platform_Software_Architecture_Report_v0.2.pdf | F13: 45751 | G13: [1] | H13: SV62 MCU Software Architecture
B14: 2 | C14: SV62_MCU_Platform_Software_Architecture_Report_v0.3.pdf | F14: 45795 | G14: [2] | H14: SV62 MCU Software Architecture
B15: 2 | C15: schedule_visualization_SH.html | F15: 45795 | G15: [3] | H15: Safety Host schedule visualization
B16: 2 | C16: schedule_visualization_PH.html | F16: 45795 | G16: [4] | H16: Performance Host schedule visualization
B26: Legende: Bewertung Abweichung der Dokumentation ggü. Leitfaden / Legend: Assessment of Deviations with respect to Documentation Requirements in "Leitfaden"
B27: 0 | C27: => n/a
B28: 1 | C28: => ok
B29: 2 | C29: => geringe Abweichung / minor deviation
B30: 3 | C30: => mittlere Abweichung / moderate deviation
B31: 4 | C31: => große Abweichung oder nicht vorhanden / major deviation or missing
K33: =_xlfn.CONCAT("Bewertung / Assessment: Round ",B36) -> Bewertung / Assessment: Round 1
B34: Ergebnis Statistik / Result Statistics | K34: Overall Status: | M34: RED
B35: Runde / Iteration | C35: Gesamtanzahl/ Total number | D35: 0 | E35: 1 | F35: 2 | G35: 3 | H35: 4 | K35: - Architecture document covers most of the technical concepts regarding Logical and Conceptual view. Provided document is compliant to ASPICE requirements. - However, there are 64 out of 133 points not documented and missing information required as per Porsche architecture document guideline. - Almost all points in chapter ISRs, OS-Hooks for AUTOSAR OS and OS Services for POSIX OS are missing. - Several minor to moderate deviations are due to insufficient information on requested aspects.
B36: 1 | C36: =COUNTA(ASSESSMENT_1) -> 134 | D36: =COUNTIF(ASSESSMENT_1,D$35) -> 1 | E36: =COUNTIF(ASSESSMENT_1,E$35) -> 20 | F36: =COUNTIF(ASSESSMENT_1,F$35) -> 9 | G36: =COUNTIF(ASSESSMENT_1,G$35) -> 8 | H36: =COUNTIF(ASSESSMENT_1,H$35) -> 96
B37: 2 | C37: =COUNTA(ASSESSMENT_2) -> 134 | D37: =COUNTIF(ASSESSMENT_2,D$35) -> 8 | E37: =COUNTIF(ASSESSMENT_2,E$35) -> 56 | F37: =COUNTIF(ASSESSMENT_2,F$35) -> 21 | G37: =COUNTIF(ASSESSMENT_2,G$35) -> 7 | H37: =COUNTIF(ASSESSMENT_2,H$35) -> 42
B38: 3 | C38: =COUNTA(ASSESSMENT_3) -> 0 | D38: =COUNTIF(ASSESSMENT_3,D$35) -> 0 | E38: =COUNTIF(ASSESSMENT_3,E$35) -> 0 | F38: =COUNTIF(ASSESSMENT_3,F$35) -> 0 | G38: =COUNTIF(ASSESSMENT_3,G$35) -> 0 | H38: =COUNTIF(ASSESSMENT_3,H$35) -> 0
B61: Risiko Einstufung / Risk Assessment
B62: Level | C62: 0 | D62: 1 | E62: 2 | F62: 3 | G62: 4 | H62: -
C63: keine Risiken / no risks | G63: hohe Risiken / high risks
C64: =COUNTIF(RISK_ASSESSMENT,C$62) -> 0 | D64: =COUNTIF(RISK_ASSESSMENT,D$62) -> 0 | E64: =COUNTIF(RISK_ASSESSMENT,E$62) -> 0 | F64: =COUNTIF(RISK_ASSESSMENT,F$62) -> 0 | G64: =COUNTIF(RISK_ASSESSMENT,G$62) -> 0
B66: Default Risiko Einstufung bei fehlender Dokumentation / Default Risk Assessment in case of Missing Documentation | K66: =_xlfn.CONCAT("Bewertung / Assessment: Round ",B37) -> Bewertung / Assessment: Round 2
B67: Level | C67: D0 | D67: D1 | E67: D2 | F67: D3 | G67: D4 | H67: - | K67: Overall Status: | M67: RED
C68: keine Risiken / no risks | G68: hohe Risiken / high risks | K68: - The architecture document has been extended with information on scheduling and the memory map. Other chapters with a rating of 2 or higher have not been updated. - Currently, 70 out of 133 points are not documented and missing information required as per Porsche architecture review guideline. - However, the completeness of the architecture document has increased from 16% in Round 1 to 48% in Round 2. - Almost all points in the chapters on ISRs, OS Hooks for AUTOSAR OS, and OS-Services for POSIX OS are missing. - Several minor to moderate deviations are due to insufficient information on requested aspects.
C69: =COUNTIF(RISK_ASSESSMENT,C$67) -> 3 | D69: =COUNTIF(RISK_ASSESSMENT,D$67) -> 1 | E69: =COUNTIF(RISK_ASSESSMENT,E$67) -> 7 | F69: =COUNTIF(RISK_ASSESSMENT,F$67) -> 26 | G69: =COUNTIF(RISK_ASSESSMENT,G$67) -> 5

Sheet Bewertung - Assessment
B2: Leitfaden / Guideline | C2: Leitfaden Software Architektur Dokumentation (Kapitel-Referenz in Spalte B bezieht sich auf das Leitfaden-Dokument) | D2: Guideline Software Architecture Documentation (Chapter-Reference in Column B refers to the guideline document) | E2: Runde 1 / Iteration 1 | H2: 1 | I2: Runde 2 / Iteration 2 | L2: 2 | M2: Runde 3 / Iteration 3 | P2: 3
A3: Leitfaden Version/ Guideline Version | B3: Kapitel / Chapter | C3: Review Gegenstand | D3: Review Objects | E3: Kurzbewertung / Short Assessment | F3: Referenz / Reference | G3: Kommentar / Comment | I3: Kurzbewertung / Short Assessment | J3: Referenz / Reference | K3: Kommentar / Comment | M3: Kurzbewertung / Short Assessment | N3: Referenz / Reference | O3: Kommentar / Comment | Q3: Risiko / Risk | R3: Default Risiko / Default Risk
A4: 4.5, 4.6, 5.1 | B4: 3 | C4: Deckblatt | D4: Cover Sheet
A5: 4.5, 4.6, 5.1 | B5: 3 | C5: Steuergerät | D5: Control unit | E5: 1 | F5: [1] Header | G5: SV62 MCU | I5: 1 | J5: [2] Header | K5: SV62 MCU | Q5: =IF(OR(ISBLANK(I5),I5="4"),'Bewertung - Assessment'!R5,Titel!H$67) -> - | R5: D0
A6: 4.5, 4.6, 5.1 | B6: 3 | C6: Zielbaureihe | D6: Target Product Line | E6: 4 | G6: not documented | I6: 4 | K6: no change | Q6: =IF(OR(ISBLANK(I6),I6="4"),'Bewertung - Assessment'!R6,Titel!H$67) -> D0 | R6: D0
A7: 5.1 | B7: 3 | C7: Fahrzeugarchitektur | D7: Vehicle Architecture | E7: 4 | G7: not documented | I7: 4 | K7: no change | Q7: =IF(OR(ISBLANK(I7),I7="4"),'Bewertung - Assessment'!R7,Titel!H$67) -> D0 | R7: D0
A8: 4.5, 4.6, 5.1 | B8: 3 | C8: Weitere Baureihen und/oder Fahrzeugarchitekturen mit geplantem Einsatz | D8: Other future product lines and/or vehicle architecture with planned deployment | E8: 4 | G8: not documented | I8: 0 | K8: NA | Q8: =IF(OR(ISBLANK(I8),I8="4"),'Bewertung - Assessment'!R8,Titel!H$67) -> - | R8: D0
A9: 4.5, 4.6, 5.1 | B9: 3 | C9: Autor und Ansprechpartner | D9: Author and contact person | E9: 4 | G9: not documented | I9: 4 | K9: no change | Q9: =IF(OR(ISBLANK(I9),I9="4"),'Bewertung - Assessment'!R9,Titel!H$67) -> D0 | R9: D0
A10: 4.5, 4.6, 5.1 | B10: 3 | C10: Datum | D10: Date | E10: 1 | F10: [1] Revision History | G10: 45737 | I10: 1 | J10: [2] Revision History | K10: 45793 | Q10: =IF(OR(ISBLANK(I10),I10="4"),'Bewertung - Assessment'!R10,Titel!H$67) -> - | R10: D0
A11: 4.5, 4.6, 5.1 | B11: 3 | C11: Version | D11: Version | E11: 1 | F11: [1] Revision History | G11: version 0.2 | I11: 1 | J11: [2] Revision History | K11: version 0.3 | Q11: =IF(OR(ISBLANK(I11),I11="4"),'Bewertung - Assessment'!R11,Titel!H$67) -> - | R11: D0
A12: 4.5, 4.6, 5.1 | B12: 3 | C12: Technische Randbedingungen | D12: Technical marginal conditions
A13: 4.5, 4.6, 5.1 | B13: 3 | C13: - Klemmenversorgung (Klemme 15 oder 30) | D13: - Terminal supply (terminal 15 or 30) | E13: 2 | F13: [1] 6.1 Overall ECU start-up | G13: KL30? Not mentioned explicitly anywhere | I13: 2 | J13: [2] 6.1 Overall ECU start-up | K13: KL30? Not mentioned explicitly anywhere | Q13: =IF(OR(ISBLANK(I13),I13="4"),'Bewertung - Assessment'!R13,Titel!H$67) -> - | R13: D1
A14: 4.5, 4.6, 5.1 | B14: 3 | C14: - Genutzte Busse | D14: - Communication buses used | E14: 1 | F14: [1] 5.2.1 Communication | G14: CAN, Ethernet, I2C, UART | I14: 1 | J14: [2] 5.2.1 Communication | K14: CAN, Ethernet, I2C, UART | Q14: =IF(OR(ISBLANK(I14),I14="4"),'Bewertung - Assessment'!R14,Titel!H$67) -> - | R14: D1
A15: 4.5, 4.6, 5.1 | B15: 3 | C15: - Eingesetztes OS (Hersteller, Name, Version) | D15: - Deployed operating systems (supplier, name, version) | E15: 2 | F15: [1] 3.2.2 Platform Software View | G15: Classic Autosar & POSIX OS (QNX RTOS) '- missing supplier, version ... | I15: 2 | J15: [2] 3.2.2 Platform Software View | K15: - Classic Autosar & POSIX OS (QNX RTOS) - 8 x Cortex A53: Performance host (QNX) - 3 x Cortex M7: Safety Host (Classic Autosar) - missing supplier, version ... - "Classic AutoSar -->Vector Microsar OS S32G v2.88, QNX OS version 7.1 from blackberry" - shall be added in arch docu. | Q15: =IF(OR(ISBLANK(I15),I15="4"),'Bewertung - Assessment'!R15,Titel!H$67) -> - | R15: D1
A16: 4.5, 4.6, 5.1 | B16: 3 | C16: - Eingesetzte MCU(s), verfügbarer RAM, ROM, EEPROM | D16: - Used MCU(s), available RAM, ROM, EEPROM | E16: 2 | F16: [1] | G16: S32G3 SoC '- missing RAM, ROM, EEPROM size - S.NOR Flash 256 MB - eMMC 64 GB | I16: 2 | J16: [2] 6.2.14 Memory Layout 5.2.14.4 Memory Peripheral Tests | K16: S32G3 SoC '- SRAM, ROM, EEPROM size - LPDDR4 4 GB - S.NOR Flash 256 MB (Safety host) - eMMC 64 GB (Performance host) | Q16: =IF(OR(ISBLANK(I16),I16="4"),'Bewertung - Assessment'!R16,Titel!H$67) -> - | R16: D1
A17: 4.5, 4.6, 5.1 | B17: 3 | C17: - Eingesetzte Flashbootloader (Hersteller, Name, Version) | D17: - Used Flash bootloader (supplier, name, version) | E17: 4 | G17: not documented | I17: 2 | K17: Vector FBL for VAG (license number: CBD2301386_D00) - should be documented in Arch. Docu. | Q17: =IF(OR(ISBLANK(I17),I17="4"),'Bewertung - Assessment'!R17,Titel!H$67) -> - | R17: D1
A18: 4.5, 4.6, 5.1 | B18: 3 | C18: Spezielle Anforderungen | D18: Special requirements
A19: 4.5, 4.6, 5.1 | B19: 3 | C19: - Maximaler FuSi-Level des Systems | D19: - Maximum FuSa level of the system | E19: 3 | G19: max ASIL Rating? ASIL-D? | I19: 1 | J19: [2] chapter 6.2.13.1 | K19: ASIL-D | Q19: =IF(OR(ISBLANK(I19),I19="4"),'Bewertung - Assessment'!R19,Titel!H$67) -> - | R19: D1
A20: 4.5, 4.6, 5.1 | B20: 3 | C20: - Besondere Securityanforderungen (Komponentenschutz, SWaP, Flashdatensicherheit) | D20: - Special Security requirement (component protection, SWaP, flash data security) | E20: 1 | F20: [1] 5.2.13 Security 6.2.12 Security | I20: 1 | J20: [2] 5.2.13 Security 6.2.12 Security | Q20: =IF(OR(ISBLANK(I20),I20="4"),'Bewertung - Assessment'!R20,Titel!H$67) -> - | R20: D1
A21: 4.5, 4.6, 5.1 | B21: 3 | C21: - OBD-Relevanz | D21: - OBD relevance | E21: 1 | F21: [1] | G21: yes | I21: 1 | J21: [2] chapter 6.2.4, 5.2.4 Diagnostics | Q21: =IF(OR(ISBLANK(I21),I21="4"),'Bewertung - Assessment'!R21,Titel!H$67) -> - | R21: D1
A22: 4.5, 4.6, 5.1 | B22: 3 | C22: - Teilnahme am Teilnetzbetrieb (aktiv, passiv, keine) | D22: - Participation in the sub network operation (active, passive, none) | E22: 1 | F22: [1] 5.2.1.1.1 Signal oriented communication | G22: - SH master, PF Slave on ethernet - CAN on SH | I22: 1 | J22: [2] 5.2.1.1.1 Signal oriented communication | K22: - SH master, PF Slave on ethernet - CAN on SH | Q22: =IF(OR(ISBLANK(I22),I22="4"),'Bewertung - Assessment'!R22,Titel!H$67) -> - | R22: D1
A23: 4.5, 4.6, 5.1 | B23: 3 | C23: - Diagnoseklasse | D23: - Diagnosis class | E23: 4 | G23: which diagnosis class | I23: 2 | K23: D4 High - shall be documented | Q23: =IF(OR(ISBLANK(I23),I23="4"),'Bewertung - Assessment'!R23,Titel!H$67) -> - | R23: D1
A24: 4.5, 4.6, 5.1 | B24: 4 | C24: Konzeptionelle Sicht | D24: Conceptual View
A25: 4.5, 4.6, 5.1 | B25: 4.1 | C25: Überblick | D25: Overview | E25: 1 | F25: [1] 5.1 Level 1: High-level building blocks 7.2 S32G3 device deployment 3.1 Business Context 3.3 Use Cases | I25: 1 | J25: [2] 5.1 Level 1: High-level building blocks 7.2 S32G3 device deployment 3.1 Business Context 3.3 Use Cases | Q25: =IF(OR(ISBLANK(I25),I25="4"),'Bewertung - Assessment'!R25,Titel!H$67) -> - | R25: D2
A26: 4.5, 4.6, 5.1 | B26: 4.2 | C26: Übernahme und Weiterentwicklung auf Basis anderer Projekte | D26: Takeover and Further Development Based on Other Projects | E26: 3 | F26: [1] 1 Introduction and Goals 2 Architecture Constraints | G26: It seems that some concepts are reused from HCP2.low project but not clear to what extent. It shall be described as per Leitpfaden. | I26: 3 | J26: [2] 1 Introduction and Goals 2 Architecture Constraints | K26: no change | Q26: =IF(OR(ISBLANK(I26),I26="4"),'Bewertung - Assessment'!R26,Titel!H$67) -> - | R26: D2
A27: 4.5, 4.6, 5.1 | B27: 4.3 | C27: Einsatz neuer Technologien oder Konzepte | D27: Use of New Technologies or Concepts | E27: 4 | G27: not documented | I27: 4 | K27: no change | Q27: =IF(OR(ISBLANK(I27),I27="4"),'Bewertung - Assessment'!R27,Titel!H$67) -> D3 | R27: D3
A28: 4.5, 4.6, 5.1 | B28: 4.4 | C28: Kritische architektur-relevante Anforderungen | D28: Critical Architectural Requirements | E28: 4 | G28: not documented | I28: 4 | K28: no change | Q28: =IF(OR(ISBLANK(I28),I28="4"),'Bewertung - Assessment'!R28,Titel!H$67) -> D3 | R28: D3
A29: 4.5, 4.6, 5.1 | B29: 4.5 | C29: Safety-relevante Aspekte | D29: Functional safety related aspects | E29: 3 | F29: [1] 8.1 High level Safety Concept | G29: which concrete safety goal needs to be achieved? | I29: 3 | J29: [2] 8.1 High level Safety Concept | K29: no change | Q29: =IF(OR(ISBLANK(I29),I29="4"),'Bewertung - Assessment'!R29,Titel!H$67) -> - | R29: D4
A30: 4.5, 4.6, 5.1 | B30: 4.6 | C30: Security-relevante Aspekte | D30: Security related aspects | E30: 1 | F30: [1] 5.2.13 Security 6.2.12 Security | I30: 1 | J30: [2] 5.2.13 Security 6.2.12 Security | Q30: =IF(OR(ISBLANK(I30),I30="4"),'Bewertung - Assessment'!R30,Titel!H$67) -> - | R30: D4
A31: 4.5, 4.6, 5.1 | B31: 4.7 | C31: Systemschnittstellen | D31: System interfaces | E31: 2 | F31: [1] pg.10, pg 35 | G31: - diagnostics, MotionWise Tool suite, Diagnostics Client tools (ODIS, PASDT), Command line tool '- List of interfaces in a table and how/when certain functionality is deactivated in production SW ECU? | I31: 2 | J31: [2] pg.10, pg 35 | K31: no change | Q31: =IF(OR(ISBLANK(I31),I31="4"),'Bewertung - Assessment'!R31,Titel!H$67) -> - | R31: D3
A32: 4.5, 4.6, 5.1 | B32: 4.8 | C32: Systemverhalten im Netzwerk | D32: Network dependencies / roles | E32: 1 | F32: [1] 5.2.1.1 Inter-ECU Communication 5.2.1.1.1 Signal oriented communication 5.2.1.1.2 Service oriented communication 5.2.1.1.3 REM Network Proxy 6.2.2.7 Wakeup via CAN | G32: - SH master, PF Slave on ethernet - CAN on SH | I32: 1 | J32: [2] 5.2.1.1 Inter-ECU Communication 5.2.1.1.1 Signal oriented communication 5.2.1.1.2 Service oriented communication 5.2.1.1.3 REM Network Proxy 6.2.2.7 Wakeup via CAN | K32: - SH master, PF Slave on ethernet - CAN on SH | Q32: =IF(OR(ISBLANK(I32),I32="4"),'Bewertung - Assessment'!R32,Titel!H$67) -> - | R32: D3
A33: 4.5, 4.6, 5.1 | B33: 4.9 | C33: Flexray-Betrieb | D33: Flexray | E33: 0 | G33: NA | I33: 0 | K33: NA | Q33: =IF(OR(ISBLANK(I33),I33="4"),'Bewertung - Assessment'!R33,Titel!H$67) -> - | R33: D2
A34: 4.5, 4.6, 5.1 | B34: 4.10 | C34: Software Updates | D34: ECU software updated | E34: 1 | F34: [1] 6.2.2.6 Update UDS 6.2.6 Software update | I34: 1 | J34: [2] 6.2.2.6 Update UDS 6.2.6 Software update | Q34: =IF(OR(ISBLANK(I34),I34="4"),'Bewertung - Assessment'!R34,Titel!H$67) -> - | R34: D2
A35: 4.5, 4.6, 5.1 | B35: 4.11 | C35: Fail handling | D35: Failsafe action | E35: 1 | F35: [1] 6.2.10.2 Error handler 6.2.10 Health 5.2.11 Health 6.2.7.5 Version Module (VM) | I35: 1 | J35: [2] 6.2.10.2 Error handler 6.2.10 Health 5.2.11 Health 6.2.7.5 Version Module (VM) | Q35: =IF(OR(ISBLANK(I35),I35="4"),'Bewertung - Assessment'!R35,Titel!H$67) -> - | R35: D2
A36: 4.5, 4.6, 5.1 | B36: 4.12 | C36: Besondere Betriebsmodi | D36: Special operation modes | E36: 1 | F36: [1] 6.2.2.1 System state machine 6.2.2.2 Degraded mode and defect mode 6.2.2.3 HIL mode and development mode | G36: UDS Update, Application, Degraded | I36: 1 | J36: [2] 6.2.2.1 System state machine 6.2.2.2 Degraded mode and defect mode 6.2.2.3 HIL mode and development mode | K36: UDS Update, Application, Degraded | Q36: =IF(OR(ISBLANK(I36),I36="4"),'Bewertung - Assessment'!R36,Titel!H$67) -> - | R36: D2
A37: 4.5, 4.6, 5.1 | B37: 4.13 | C37: Verhalten bei Startup, Shutdown und Reset | D37: Behaviour at Startup, Shutdown and Reset | E37: 2 | F37: [1] 6.1 Overall ECU start-up 6.2.2.1 System state machine 6.2.2.5 State management TDAs and EyeQs 6.2.2.8 Trigger IDC WriteAll (shutdown) 6.2.4.1 Diagnostic Services (Reset) 6.2.7.1 Bootmode CLI | G37: - customer requirements regarding maximum permitted startup and shutdown time? | I37: 2 | J37: [2] 6.1 Overall ECU start-up 6.2.2.1 System state machine 6.2.2.5 State management TDAs and EyeQs 6.2.2.8 Trigger IDC WriteAll (shutdown) 6.2.4.1 Diagnostic Services (Reset) 6.2.7.1 Bootmode CLI | K37: no change | Q37: =IF(OR(ISBLANK(I37),I37="4"),'Bewertung - Assessment'!R37,Titel!H$67) -> - | R37: D3
A38: 4.5, 4.6, 5.1 | B38: 5 | C38: Infrastruktursicht | D38: Infrastructure View
A39: 4.5, 4.6, 5.1 | B39: 5.1 | C39: Hardwarekomponenten und Blockschaltbild | D39: Hardware components and block diagram | E39: 2 | F39: [1] 3.2 Technical Context 3.2.1 Technical Interfaces | G39: in diagram 3.2 Technical Context, ULS is marked as TTTech component? | I39: 2 | J39: [2] 3.2 Technical Context 3.2.1 Technical Interfaces | K39: - No change. - in diagram 3.2 Technical Context, UltraSonic is marked as TTTech component? Is it not part of TDA ECU? | Q39: =IF(OR(ISBLANK(I39),I39="4"),'Bewertung - Assessment'!R39,Titel!H$67) -> - | R39: D3
A40: 4.5, 4.6, 5.1 | B40: 5.2 | C40: MCU-Beschreibung | D40: MCU description | E40: 4 | G40: not documented | I40: 4 | K40: no change | Q40: =IF(OR(ISBLANK(I40),I40="4"),'Bewertung - Assessment'!R40,Titel!H$67) -> D2 | R40: D2
A41: 4.5, 4.6, 5.1 | B41: 5.3 | C41: Peripherie | D41: Peripherals | E41: 2 | F41: [1] Chapter 6 3.2.1 Technical Interfaces | G41: Missing ASIL Rating of external peripherals | I41: 2 | J41: [2] Chapter 6 3.2.1 Technical Interfaces | K41: no change | Q41: =IF(OR(ISBLANK(I41),I41="4"),'Bewertung - Assessment'!R41,Titel!H$67) -> - | R41: D3
A42: 4.5, 4.6, 5.1 | B42: 5.4 | C42: Geplanter Ressourcenverbrauch zu SOP | D42: Planned ressource consumption | E42: 4 | G42: not documented | I42: 4 | K42: no change '- Measured core utilization is available in references 3 & 4 | Q42: =IF(OR(ISBLANK(I42),I42="4"),'Bewertung - Assessment'!R42,Titel!H$67) -> D4 | R42: D4
A43: 4.5, 4.6, 5.1 | B43: 5.5 | C43: Hardware-Ausweich-Strategie | D43: HW fallback strategy | E43: 4 | G43: not documented | I43: 0 | K43: -decided by ME | Q43: =IF(OR(ISBLANK(I43),I43="4"),'Bewertung - Assessment'!R43,Titel!H$67) -> - | R43: D2
A44: 4.5, 4.6, 5.1 | B44: 5.6 | C44: Entwicklungsumgebung | D44: Development environment | E44: 3 | F44: [1] 6.2.7 Analysis framework 5.2.8.3 Remote access | G44: MotionWise Tool suite, Bootmode CLI tool, Diagnostics Client tools, collection of Python scripts for Remote Access ... '- missing list of development tools (compiler, IDEs, Debugger), code generator, graphic modelling tool, resource measurement and analysis tools | I44: 3 | J44: [2] 6.2.7 Analysis framework 5.2.8.3 Remote access | K44: No change | Q44: =IF(OR(ISBLANK(I44),I44="4"),'Bewertung - Assessment'!R44,Titel!H$67) -> - | R44: D1
A45: 4.5, 4.6, 5.1 | B45: 5.7 | C45: Prävention gegen unbeabsichtigte Flash-Überschreiber im laufenden Betrieb | D45: Prevention of unwanted flash overwrite | E45: 1 | F45: [1] 5.2.12 Memory protection 5.2.13 Security 6.2.11 Memory protection | I45: 1 | J45: [2] 5.2.12 Memory protection 5.2.13 Security 6.2.11 Memory protection | Q45: =IF(OR(ISBLANK(I45),I45="4"),'Bewertung - Assessment'!R45,Titel!H$67) -> - | R45: D2
A46: 4.5, 4.6, 5.1 | B46: 5.8 | C46: Watchdog-Konzept | D46: Watchdog concept | E46: 3 | F46: [1] 5.2.11.3 Task monitoring 6.2.10.3 Task monitoring | G46: - Internal and external watchdog is used '- Not fully documented as per the information requested in architecture guideline document | I46: 3 | J46: [2] 5.2.11.3 Task monitoring 6.2.10.3 Task monitoring | K46: No change | Q46: =IF(OR(ISBLANK(I46),I46="4"),'Bewertung - Assessment'!R46,Titel!H$67) -> - | R46: D2
A47: 4.5, 4.6, 5.1 | B47: 6 | C47: Logische Sicht | D47: Logical View
A48: 4.5, 4.6, 5.1 | B48: 6.1 | C48: Schichtenmodell der Softwarekomponenten | D48: Static architcture, layer and component model | E48: 1 | F48: [1] 5.1.1 Safety Partition - SMH_SAFE 5.1.2 Performance Partition - SMH_PERF 5.2 Level 1: Logical Services | I48: 1 | J48: [2] 5.1.1 Safety Partition - SMH_SAFE 5.1.2 Performance Partition - SMH_PERF 5.2 Level 1: Logical Services | Q48: =IF(OR(ISBLANK(I48),I48="4"),'Bewertung - Assessment'!R48,Titel!H$67) -> - | R48: D2
A49: 4.5, 4.6, 5.1 | B49: 6.2 | C49: Beschreibung der Softwarekomponenten | D49: Description of the SW components | E49: 2 | F49: [1] 5.2 Level 1: Logical Services | G49: - Origin of component for light skyblue and dark blue coloured components is not clear in 5.1.2 Performance Partition - SMH_PERF - handwritten or generated code? - Reused from other project or newly developed SWCs? - Safety Rating? - Not all SWCs described from static architecture diagram. Description for many SWCs is missing from internal and external suppliers. | I49: 2 | J49: [2] 5.2 Level 1: Logical Services | K49: No change | Q49: =IF(OR(ISBLANK(I49),I49="4"),'Bewertung - Assessment'!R49,Titel!H$67) -> - | R49: D3
A50: 4.5, 4.6, 5.1 | B50: 6.3 | C50: Organisatorische Aufteilung | D50: Responsibilities | E50: 4 | G50: not documented | I50: 4 | K50: No change | Q50: =IF(OR(ISBLANK(I50),I50="4"),'Bewertung - Assessment'!R50,Titel!H$67) -> D1 | R50: D1
A51: 4.5, 4.6, 5.1 | B51: 6.4 | C51: Datenfluß | D51: Important data flows | E51: 1 | F51: [1] 5.2.1 Communication 5.2.1.1 Inter-ECU Communication 5.2.1.2 Intra-ECU communication 5.2.1.3 Ethernet BUS (PFE Topology) | I51: 1 | J51: [2] 5.2.1 Communication 5.2.1.1 Inter-ECU Communication 5.2.1.2 Intra-ECU communication 5.2.1.3 Ethernet BUS (PFE Topology) | Q51: =IF(OR(ISBLANK(I51),I51="4"),'Bewertung - Assessment'!R51,Titel!H$67) -> - | R51: D3
A52: 4.5, 4.6, 5.1 | B52: 6.5 | C52: Safety-Architektur | D52: Mechanisms to achieve ASIL requirements | E52: 1 | F52: [1] 5.2.12 Memory protection 6.2.11 Memory protection 5.2.14 Design Validation (DV) 5.2.14.4 Memory Peripheral Tests 5.2.11 Health, 6.2.10 Health | I52: 1 | J52: [2] 5.2.12 Memory protection 6.2.11 Memory protection 5.2.14 Design Validation (DV) 5.2.14.4 Memory Peripheral Tests 5.2.11 Health, 6.2.10 Health | Q52: =IF(OR(ISBLANK(I52),I52="4"),'Bewertung - Assessment'!R52,Titel!H$67) -> - | R52: D4
A53: 4.5, 4.6, 5.1 | B53: 7 | C53: Datensicht | D53: Data View
A54: 4.5, 4.6, 5.1 | B54: 7.1 | C54: ROM Memory Map | D54: ROM Memory Map
A55: 4.5, 4.6, 5.1 | B55: 7.1 | C55: - Die Anzahl, Größe und Lage der Speicherbereiche | D55: - Number and size of data blocks | E55: 4 | I55: 1 | J55: [2] 6.2.14.1 NOR Flash [2] 6.2.14.2 eMMC layout | Q55: =IF(OR(ISBLANK(I55),I55="4"),'Bewertung - Assessment'!R55,Titel!H$67) -> - | R55: D3
A56: 4.5, 4.6, 5.1 | B56: 7.1 | C56: - Die Information, ob und welche Speicherbereiche einzeln aktualisierbar sind | D56: - Update concept for the particular blocks | E56: 4 | I56: 1 | J56: [2] 6.2.14.1 NOR Flash [2] 6.2.14.2 eMMC layout | Q56: =IF(OR(ISBLANK(I56),I56="4"),'Bewertung - Assessment'!R56,Titel!H$67) -> - | R56: D2
A57: 4.5, 4.6, 5.1 | B57: 7.1 | C57: - Die Inhalte eines jeden Speicherbereichs | D57: - Content of each block | E57: 4 | I57: 1 | J57: [2] 6.2.14.1 NOR Flash [2] 6.2.14.2 eMMC layout | Q57: =IF(OR(ISBLANK(I57),I57="4"),'Bewertung - Assessment'!R57,Titel!H$67) -> - | R57: D2
A58: 4.5, 4.6, 5.1 | B58: 7.1 | C58: - Der in jedem Speicherbereich noch vorgehaltene freie Speicherplatz | D58: - Reserved memory per block | E58: 4 | I58: 1 | J58: [2] 6.2.14.1 NOR Flash [2] 6.2.14.2 eMMC layout | Q58: =IF(OR(ISBLANK(I58),I58="4"),'Bewertung - Assessment'!R58,Titel!H$67) -> - | R58: D3
A59: 4.5, 4.6, 5.1 | B59: 7.1 | C59: - Speicherbereiche, die besondere Maßnahmen gegen Überschreiben/Manipulation benötigen | D59: - Blocks with special protection measures (e.g. for functional safety data) | E59: 4 | I59: 1 | J59: [2] 6.2.14.1 NOR Flash [2] 6.2.14.2 eMMC layout | K59: Secure memory regions | Q59: =IF(OR(ISBLANK(I59),I59="4"),'Bewertung - Assessment'!R59,Titel!H$67) -> - | R59: D3
A60: 4.5, 4.6, 5.1 | B60: 7.2 | C60: RAM Memory Map | D60: RAM Memory Map
A61: 4.5, 4.6, 5.1 | B61: 7.2 | C61: - Variablen der einzelnen Komponenten | D61: - Variables of individual components | E61: 4 | I61: 1 | J61: [2] 6.2.14.3 SRAM layout | K61: - Total size is ~15634 KB | Q61: =IF(OR(ISBLANK(I61),I61="4"),'Bewertung - Assessment'!R61,Titel!H$67) -> - | R61: D2
A62: 4.5, 4.6, 5.1 | B62: 7.2 | C62: - Globale Variablen | D62: - Global variables | E62: 4 | I62: 1 | J62: [2] 6.2.14.3 SRAM layout | Q62: =IF(OR(ISBLANK(I62),I62="4"),'Bewertung - Assessment'!R62,Titel!H$67) -> - | R62: D2
A63: 4.5, 4.6, 5.1 | B63: 7.2 | C63: - Variablen die gemeinsam genutzt werden | D63: - Commonly used variables | E63: 4 | I63: 1 | J63: [2] 6.2.14.3 SRAM layout | Q63: =IF(OR(ISBLANK(I63),I63="4"),'Bewertung - Assessment'!R63,Titel!H$67) -> - | R63: D2
A64: 4.5, 4.6, 5.1 | B64: 7.2 | C64: - Anzahl und Größe Stacks | D64: - Number and size of stacks | E64: 4 | I64: 1 | J64: [2] 6.2.14.3 SRAM layout | Q64: =IF(OR(ISBLANK(I64),I64="4"),'Bewertung - Assessment'!R64,Titel!H$67) -> - | R64: D3
A65: 4.5, 4.6, 5.1 | B65: 7.2 | C65: - EEPROM Puffer | D65: - EEPROM buffer | E65: 4 | I65: 4 | J65: [2] 6.2.14.3 SRAM layout | K65: - It is not clear if EERPOM is buffered in RAM? | Q65: =IF(OR(ISBLANK(I65),I65="4"),'Bewertung - Assessment'!R65,Titel!H$67) -> D3 | R65: D3
A66: 4.5, 4.6, 5.1 | B66: 7.2 | C66: - Absicherungsmaßnahmen (z.B. MPU, Checksumme, ECC, etc.) | D66: - Data consistency checks (Safety) | E66: 4 | I66: 1 | J66: [2] 5.2.12 Memory protection, 6.2.14.3 SRAM layout -> pg. 231 | K66: "Memory protection feature ensures FFI (Freedom from Interference) in spatial domain by controlling access to memory and peripherals on Safety host and performance host partition by using MPU, MMU and XRDC" | Q66: =IF(OR(ISBLANK(I66),I66="4"),'Bewertung - Assessment'!R66,Titel!H$67) -> - | R66: D3
A67: 4.5, 4.6, 5.1 | B67: 7.3 | C67: Varianten | D67: Handling of SW variants | E67: 4 | G67: Are there any software or dataset variants for different car, engine, ...? | I67: 2 | J67: [2] 6.2.14.2 eMMC layout HCP2MEP-107795 | K67: - are there any software variants? -> no SW variants - what each datasets are for? | Q67: =IF(OR(ISBLANK(I67),I67="4"),'Bewertung - Assessment'!R67,Titel!H$67) -> - | R67: D2
A68: 4.5, 4.6, 5.1 | B68: 7.4 | C68: Datenspeicherung und Datensicherung | D68: Data storage and data assurance | E68: 3 | F68: 6.2.5.1 Persistency | G68: Not fully documented as per the information requested in architecture guideline document | I68: 2 | J68: [2] 6.2.14.1 NOR Flash [2] 6.2.14.2 eMMC layout | K68: - Missing EEPROM and its storage/access type for EEPROM mentioned in diagram 3.2.1 | Q68: =IF(OR(ISBLANK(I68),I68="4"),'Bewertung - Assessment'!R68,Titel!H$67) -> - | R68: D3
A69: 4.5, 4.6, 5.1 | B69: 7.5 | C69: Datenpuffer | D69: Data buffers | E69: 1 | F69: [1] 6.2.5.1.1 Safety host Persistency 6.2.5.1.3 Persistency Software Update and Migration 6.2.5.2.1 Safety host Datasets 6.2.5.2.2 Performance host Datasets 6.2.4.2 Diagnostic Objects 6.2.5.3 Metaprovider 6.2.5.1 Persistency 6.2.6.1.4 Overall UDS Software Update Sequence 6.2.7.2 HCP recorder | I69: 1 | J69: [2] 6.2.5.1.1 Safety host Persistency 6.2.5.1.3 Persistency Software Update and Migration 6.2.5.2.1 Safety host Datasets 6.2.5.2.2 Performance host Datasets 6.2.4.2 Diagnostic Objects 6.2.5.3 Metaprovider 6.2.5.1 Persistency 6.2.6.1.4 Overall UDS Software Update Sequence 6.2.7.2 HCP recorder | Q69: =IF(OR(ISBLANK(I69),I69="4"),'Bewertung - Assessment'!R69,Titel!H$67) -> - | R69: D3
A70: 4.5, 4.6, 5.1 | B70: 7.6 | C70: Resetsichere Daten | D70: Reset safe data | E70: 2 | F70: [1] 5.2.5 Persistent storage 5.2.7 Software update | G70: How is reset reason detected is not sure | I70: 2 | J70: [2] 5.2.5 Persistent storage 5.2.7 Software update | K70: No change | Q70: =IF(OR(ISBLANK(I70),I70="4"),'Bewertung - Assessment'!R70,Titel!H$67) -> - | R70: D3
A71: 4.5, 4.6, 5.1 | B71: 8 | C71: Prozesssicht Classic AUTOSAR | D71: Process View Classic AUTOSAR
A72: 4.5, 4.6, 5.1 | B72: 8.1 | C72: Betriebssystem | D72: OS
A73: 4.5, 4.6, 5.1 | B73: 8.1 | C73: - Hersteller | D73: - Vendor | E73: 1 | F73: [1] 5.1 Level 1: High-level building blocks | G73: - Autosar from Vector | I73: 1 | J73: [2] 5.1 Level 1: High-level building blocks | K73: - Autosar from Vector | Q73: =IF(OR(ISBLANK(I73),I73="4"),'Bewertung - Assessment'!R73,Titel!H$67) -> - | R73: D2
A74: 4.5, 4.6, 5.1 | B74: 8.1 | C74: - OSEK Conformance Class | D74: - OSEK Conformance class | E74: 4 | G74: not documented | I74: 2 | K74: Conformance class 3 - shall be documented | Q74: =IF(OR(ISBLANK(I74),I74="4"),'Bewertung - Assessment'!R74,Titel!H$67) -> - | R74: D3
A75: 4.5, 4.6, 5.1 | B75: 8.1 | C75: - OSEK Scalability Class | D75: - OSEK Scalability class | E75: 4 | G75: not documented | I75: 2 | K75: Scalability class 4 - shall be documented | Q75: =IF(OR(ISBLANK(I75),I75="4"),'Bewertung - Assessment'!R75,Titel!H$67) -> - | R75: D3
A76: 5.1 | B76: 8.1 | C76: - AUTOSAR Implementation Conformance Class | D76: - AUTOSAR Implementation Conformance Class | E76: 4 | G76: not documented | I76: 2 | K76: Conformance class 3 - shall be documented | Q76: =IF(OR(ISBLANK(I76),I76="4"),'Bewertung - Assessment'!R76,Titel!H$67) -> - | R76: D3
A77: 4.5, 4.6, 5.1 | B77: 8.1 | C77: - Übernahmestrategie | D77: - Overtaking strategy | E77: 4 | G77: not documented | I77: 0 | K77: N/A | Q77: =IF(OR(ISBLANK(I77),I77="4"),'Bewertung - Assessment'!R77,Titel!H$67) -> - | R77: D2
A78: 4.5, 4.6, 5.1 | B78: 8.2 | C78: Runables | D78: Runnables
A79: 4.5, 4.6, 5.1 | B79: 8.2 | C79: - Funktion | D79: - Function | E79: 3 | G79: indirectly deductible from chapter 6 Runtime View, but the clear list of runnables is not documented | I79: 1 | J79: [2] 6.2.13.1 Safety Host | Q79: =IF(OR(ISBLANK(I79),I79="4"),'Bewertung - Assessment'!R79,Titel!H$67) -> - | R79: D2
A80: 4.5, 4.6, 5.1 | B80: 8.2 | C80: - Startbedingung / Zykluszeit | D80: - Start conditions / cycle time | E80: 4 | G80: not documented | I80: 1 | J80: [2] 6.2.13.1 Safety Host | Q80: =IF(OR(ISBLANK(I80),I80="4"),'Bewertung - Assessment'!R80,Titel!H$67) -> - | R80: D3
A81: 4.5, 4.6, 5.1 | B81: 8.2 | C81: - Startreihenfolge im Task | D81: - Starting order in task | E81: 4 | G81: not documented | I81: 1 | J81: [2] 6.2.13.1 Safety Host | Q81: =IF(OR(ISBLANK(I81),I81="4"),'Bewertung - Assessment'!R81,Titel!H$67) -> - | R81: D3
A82: 4.5, 4.6, 5.1 | B82: 8.2 | C82: - Zuordnung zu Task | D82: - Assignment to task | E82: 4 | G82: not documented | I82: 1 | J82: [2] 6.2.13.1 Safety Host | Q82: =IF(OR(ISBLANK(I82),I82="4"),'Bewertung - Assessment'!R82,Titel!H$67) -> - | R82: D3
A83: 4.5, 4.6, 5.1 | B83: 8.2 | C83: - Preemtivität | D83: - Preemtiveness | E83: 4 | G83: not documented | I83: 2 | J83: [2] 6.2.13.1 Safety Host | K83: not explicitly mentioned - Preemptive structure - Shall be documented | Q83: =IF(OR(ISBLANK(I83),I83="4"),'Bewertung - Assessment'!R83,Titel!H$67) -> - | R83: D3
A84: 4.5, 4.6, 5.1 | B84: 8.2 | C84: - Maximale Laufzeit | D84: - Maximum runtime | E84: 4 | G84: not documented | I84: 1 | J84: [2] 6.2.13.1 Safety Host | Q84: =IF(OR(ISBLANK(I84),I84="4"),'Bewertung - Assessment'!R84,Titel!H$67) -> - | R84: D3
A85: 4.5, 4.6, 5.1 | B85: 8.2 | C85: - MPU Einstellung | D85: - MPU setting | E85: 4 | G85: not documented | I85: 1 | J85: [2] 5.2.12 6.2.14.3 SRAM layout -> pg. 231 | Q85: =IF(OR(ISBLANK(I85),I85="4"),'Bewertung - Assessment'!R85,Titel!H$67) -> - | R85: D3
A86: 4.5, 4.6, 5.1 | B86: 8.2 | C86: - Maximales ASIL Level | D86: - Maximum ASIL level | E86: 4 | G86: not documented | I86: 1 | J86: [2] chapter 6.2.13.1 | K86: ASIL D | Q86: =IF(OR(ISBLANK(I86),I86="4"),'Bewertung - Assessment'!R86,Titel!H$67) -> - | R86: D4
A87: 4.5, 4.6, 5.1 | B87: 8.3 | C87: Tasks | D87: Task
A88: 4.5, 4.6, 5.1 | B88: 8.3 | C88: - Funktion | D88: - Function | E88: 4 | G88: not documented | I88: 1 | J88: [2] 6.2.13.1 Safety Host | Q88: =IF(OR(ISBLANK(I88),I88="4"),'Bewertung - Assessment'!R88,Titel!H$67) -> - | R88: D2
A89: 4.5, 4.6, 5.1 | B89: 8.3 | C89: - Zykluszeit | D89: - Cycle time | E89: 4 | G89: not documented | I89: 1 | J89: [2] 6.2.13.1 Safety Host | Q89: =IF(OR(ISBLANK(I89),I89="4"),'Bewertung - Assessment'!R89,Titel!H$67) -> - | R89: D3
A90: 4.5, 4.6, 5.1 | B90: 8.3 | C90: - Priorität | D90: - Priority | E90: 4 | G90: not documented | I90: 1 | J90: [2] 6.2.13.1 Safety Host | Q90: =IF(OR(ISBLANK(I90),I90="4"),'Bewertung - Assessment'!R90,Titel!H$67) -> - | R90: D3
A91: 4.5, 4.6, 5.1 | B91: 8.3 | C91: - Preemptivität | D91: - Preemtiveness | E91: 4 | G91: not documented | I91: 2 | J91: [2] 6.2.13.1 Safety Host | K91: - Preemptive - Shall be documented | Q91: =IF(OR(ISBLANK(I91),I91="4"),'Bewertung - Assessment'!R91,Titel!H$67) -> - | R91: D3
A92: 4.5, 4.6, 5.1 | B92: 8.3 | C92: - Extended Task oder Basic Task | D92: - Extended Task oder Basic Task | E92: 4 | G92: not documented | I92: 4 | J92: [2] 6.2.13.1 Safety Host | K92: - no change | Q92: =IF(OR(ISBLANK(I92),I92="4"),'Bewertung - Assessment'!R92,Titel!H$67) -> D3 | R92: D3
A93: 4.5, 4.6, 5.1 | B93: 8.3 | C93: - Maximale Laufzeit | D93: - Maximum runtime | E93: 4 | G93: not documented | I93: 1 | J93: [2] 6.2.13.1 Safety Host | K93: execution budget | Q93: =IF(OR(ISBLANK(I93),I93="4"),'Bewertung - Assessment'!R93,Titel!H$67) -> - | R93: D3
A94: 4.5, 4.6, 5.1 | B94: 8.3 | C94: - Deadline, maximale Latenz | D94: - Deadline, maximum latency | E94: 4 | G94: not documented | I94: 1 | J94: [2] 6.2.13.1 Safety Host | K94: - total of execution budget from runnables | Q94: =IF(OR(ISBLANK(I94),I94="4"),'Bewertung - Assessment'!R94,Titel!H$67) -> - | R94: D3
A95: 4.5, 4.6, 5.1 | B95: 8.3 | C95: - Zugeordnete OSApplication (nur bei SC3 oder SC4) | D95: - Assigned OS application (only for SC3 and SC4) | E95: 4 | G95: not documented | I95: 1 | J95: [2] 6.2.13.1 Safety Host | K95: - no change | Q95: =IF(OR(ISBLANK(I95),I95="4"),'Bewertung - Assessment'!R95,Titel!H$67) -> - | R95: D3
A96: 4.5, 4.6, 5.1 | B96: 8.3 | C96: - Stackverbrauch | D96: - Stack consumption | E96: 4 | G96: not documented | I96: 4 | J96: [2] 6.2.13.1 Safety Host | K96: - no change | Q96: =IF(OR(ISBLANK(I96),I96="4"),'Bewertung - Assessment'!R96,Titel!H$67) -> D3 | R96: D3
A97: 4.5, 4.6, 5.1 | B97: 8.3 | C97: - Welcher Stack wird genutzt | D97: - Which stack is used | E97: 4 | G97: not documented | I97: 2 | J97: [2] 6.2.14.3 SRAM layout | K97: - each task have its own stack and shall be added in arch docu - mem_ram_asr_os_stacks_c0 = 128 KB - mem_ram_asr_os_stacks_c1 = 98 KB - mem_ram_asr_os_stacks_c2 = 98 KB | Q97: =IF(OR(ISBLANK(I97),I97="4"),'Bewertung - Assessment'!R97,Titel!H$67) -> - | R97: D3
A98: 4.5, 4.6, 5.1 | B98: 8.3 | C98: - Wie wird die Task gestartet | D98: - How is the task started | E98: 4 | G98: not documented | I98: 1 | J98: [2] chapter 6.2.13.1 | Q98: =IF(OR(ISBLANK(I98),I98="4"),'Bewertung - Assessment'!R98,Titel!H$67) -> - | R98: D3
A99: 4.5, 4.6, 5.1 | B99: 8.3 | C99: - Maximaler ASIL-Level | D99: - Maximum ASIL level | E99: 4 | G99: not documented | I99: 1 | J99: [2] chapter 6.2.13.1 | K99: ASIL D | Q99: =IF(OR(ISBLANK(I99),I99="4"),'Bewertung - Assessment'!R99,Titel!H$67) -> - | R99: D4
A100: 4.5, 4.6, 5.1 | B100: 8.3 | C100: - Zugeordnete MPU-Einstellung | D100: - Assigned MPU setting | E100: 4 | G100: not documented | I100: 1 | J100: [2] 6.2.14.3 SRAM layout | K100: User - Read,execute Supervisor - Read,Execute | Q100: =IF(OR(ISBLANK(I100),I100="4"),'Bewertung - Assessment'!R100,Titel!H$67) -> - | R100: D3
A101: 4.5, 4.6, 5.1 | B101: 8.3 | C101: - Beschreibung Startup Task, sofern vorhanden | D101: - Description of the startup task (if there is one) | E101: 4 | G101: not documented | I101: 4 | K101: - no change | Q101: =IF(OR(ISBLANK(I101),I101="4"),'Bewertung - Assessment'!R101,Titel!H$67) -> D2 | R101: D2
...
